0,1,2,3,4,5,6,7,8,9,10,11,12,13,14,15,16,17,18,19,20,21,22,23,24,25,26,27,28,29,30,31,32,33,34
0.028471177944862154,0.002779100848189371,3.1468464530660234,0.053351082369356415,0.04381419457566167,0.2736022501292611,0.05097211122499938,0.05635,-85.8440569422872,0.42125415419635337,-0.046333277135918505,0.07439122406058721,-0.08263563692766038,-0.003225281723093683,0.0017505139883916532,0.029729421021357016,0.02278616050366724,-0.05465167616607508,0.0494248348423673,-0.04219293959703034,-0.011075238721410172,0.004319094988258824,0.0011868345665700156,0.16983224789029988,0.0023382368699266013,0.004551257606923863,0.0032608085166168236,0.005506452422372779,0.0004463775319785813,0.0010402271790111019,0.0030774309493597904,0.004108295776831394,0.002468307032473863,0.04876290963760228,healthy
0.13364243943191312,0.0027681217230712536,2.8699091425509384,0.3090027596607702,0.2451740759782676,1.8817916884828896,0.01280845405463667,0.40849166666666664,-37.05236325484058,1.5237551443683581,-0.4888092583480631,-0.08501670367686195,0.011968357475082046,0.005196528649247157,-0.04793234489091575,0.01126181960509367,-0.02348618283778664,-0.06321187571315696,-0.046745556165302946,0.06537766411248197,0.019599665577884486,0.02445389833097563,0.006660095736950203,0.027889435067930096,0.008841811595002694,0.01883889578734359,0.016776723083265617,0.018911188248838036,0.0030796892649401467,0.009003720306318554,0.016147799584690432,0.012809126741316507,0.005871353899959546,0.017484986447262672,healthy
0.21893483709273182,0.005202284535775322,2.897677268727131,0.29782718693703486,0.22211740972790298,1.6659321028966652,0.014579227969173571,0.36110000000000003,-31.968552602913302,1.6885047529677504,-0.7131964237218449,-0.270871383084113,-0.3627157452115324,-0.19845765983327154,0.07430286156296442,-0.11178879090153308,-0.16536849485840793,-0.06863833416796727,-0.3260811665329607,0.06756563329617367,-0.11962126886939906,0.019011469437873837,0.009167836277895757,0.019397983426498976,0.02195250677230738,0.017593687503379574,0.015447686213207537,0.013448388949249693,0.004682438857874724,0.00895442990422404,0.012718044071785168,0.017894629001394234,0.008825063326860245,0.018729526923509297,healthy
0.16082706766917293,0.027925432585409398,3.0248411878382475,0.277582933243127,0.23470233742195692,1.2731266792990068,0.021699128465342173,0.26880000000000004,-30.57137807198327,1.7261402803910086,-0.4757199255887635,0.3429074016269048,0.20681928853184034,0.2406014799228629,0.12852439728258783,0.047131135372938913,0.02187426469408894,-0.15377826220037544,0.11087545298654122,-0.03264624712065803,0.14297840616593463,0.012828618101269257,0.0037783984138845274,0.01850400075262111,0.008523014184170558,0.0817148227103383,0.011529076481230974,0.01918251453666264,0.006732256532300323,0.00973004505497788,0.014825874753520627,0.012164852668276691,0.006421334286334772,0.031882301766074116,healthy
0.21747807017543858,0.005380302487719914,3.0945267501963367,0.3902472166887923,0.2495351373079377,2.143341099268916,0.0377376737629227,0.5788,-44.845559890938425,0.05434427649386828,-0.2561998731624243,-0.010162672730907004,-0.3574807465816483,-0.03526595901105457,0.1582930872617226,-0.18976986754094213,0.06687776254901563,-0.04028225296048378,-0.05496765740932713,-0.04937442281977461,-0.019224153231151814,0.007321691956096979,0.0038402407966726835,0.07074030917579609,0.006775710612077643,0.004751358757571556,0.0044269879394141995,0.00903235862020817,0.0035875610867900807,0.00545674340068413,0.006056649204039737,0.006947762695166426,0.005003244239030392,0.02061207450498811,healthy
0.29780880773361973,0.0036304533059206175,2.996408470383032,0.3587045884100305,0.22470134313147994,1.7301599866698514,0.014727780887390282,0.4670107142857143,-30.584705824973064,0.561346636807172,-0.7396679648764068,0.10603928872728263,-0.18051191374060288,-0.29697724248593915,0.037920441526913276,-0.11553171544342852,-0.2520664281529265,-0.21208653758324053,0.06660845453198237,-0.07419513469751189,-0.07414513045323912,0.007874752989593253,0.005946049637664015,0.0317047491946749,0.022728315453707664,0.016626580752263805,0.012941303321707337,0.007679483545149779,0.00476505026260929,0.012570594897926285,0.006568973362197276,0.010859192048100184,0.004132264304931199,0.018149781970969822,COVID-19
0.03028822055137844,0.0013057773699868796,3.152844918705836,0.054167423507139156,0.04548457221960187,0.22934610957086948,0.050492016693661844,0.055325,-86.58139147591908,0.40329587847141823,0.08491152925279981,0.030596826865371428,-0.035057580045345774,-0.0846010702780052,0.027907803392983304,-0.03303932588726999,-0.03537239032838232,-0.05284886448723593,-0.051889478802503664,-0.008448637172902498,-0.04185457793159207,0.0037868813870216038,0.001046021700692202,0.17084977708965762,0.008594437038475667,0.007487990207303364,0.0023787422692885846,0.004734395553816451,0.00029761169845717494,0.0009712147781074275,0.002020838798610491,0.0029897542623275957,0.0006466167975517248,0.04993712952774147,healthy
0.05651629072681704,0.0030846649091223013,3.055793902865366,0.11327109939242161,0.06691970849296697,0.6132453818059579,0.110050533305143,0.15387499999999998,-82.24549422175284,0.06955458957310548,-0.08714517539011016,0.09838755477501634,-0.039396365020486476,0.012814498780966459,-0.03372378331061644,-0.11915144228443432,0.03446633009974663,-0.06317203818684786,-0.04016616824396605,0.042849697311635744,-0.009904579233836723,0.003430854133737653,0.0012620235253236068,0.15206252355556357,0.0031250427161901803,0.0037455287384342987,0.0018493302721290783,0.00378637427561793,0.0010667913030831745,0.0018083651353488937,0.0026457521652787507,0.0034247228264583634,0.001578462829171608,0.043481592279713446,healthy
0.14841687552213864,0.024882038101740656,2.735780575433595,0.24491545487408276,0.1851352259223444,1.1236420433914582,0.09925977076299551,0.269475,-45.68681511208382,1.4110238371124597,-0.1448163046724365,-0.08813075499270752,-0.40528974970388465,-0.12444468187765471,-0.2107049128812551,-0.0954605960928748,-0.09895594662696122,-0.05605042748611324,0.016122408670667592,-0.031238591927162614,0.011144644377818157,0.011416099774842484,0.004058541926403417,0.05928220627654908,0.00985263144135941,0.014645194370222641,0.018572580328084332,0.02900092459164342,0.002782460783625748,0.009911085891577177,0.012037221385080258,0.011484873210193716,0.004399313960806931,0.02775822259696196,healthy
0.24010964912280697,0.0056456905492875496,2.9574144177904165,0.36924897428919456,0.276008814396261,1.7751633356407925,0.009528218411342972,0.52119375,-40.933406463859114,1.1828454590436792,0.4181649880147078,0.4427879463428261,0.103657231228545,-0.12068461810051463,-0.05592978874033492,0.11008885442203646,0.03464423510307946,-0.11157610336342465,-0.11481726503057912,-0.01968685332301222,0.018966678185070314,0.014382566797012239,0.004952996158071056,0.045024488226789686,0.009818596461804514,0.017377345314599207,0.006803720573057341,0.019881453145843088,0.00224346356738935,0.004166809072689396,0.019445506015910503,0.02514771929414595,0.0051949329491971456,0.017793554186421815,symptomatic
0.2743170426065163,0.005138895260262245,3.0650636131760463,0.3854222920804474,0.27556043155081494,1.7167972739908781,0.007258881166674351,0.48588125,-40.92336914636251,0.45693646877084443,0.11208240052732343,0.21246390195582218,-0.059980867602936985,0.2224394504240046,0.10469907211855518,0.024667853962631416,0.0204195980677354,-0.07877327195639966,-0.08188435909159107,0.008012059655587647,-0.10033360305485857,0.01038351165072238,0.0031305629143257253,0.08698514024088362,0.005714633713741982,0.007365575465891281,0.004984956159445608,0.011473450438443597,0.0032339596783441628,0.0035977311206826035,0.008521831119441676,0.011831327557202596,0.0036500432482105888,0.02727688358088063,healthy
0.02895989974937343,0.0005270749934892121,3.171524674300258,0.06877011305485374,0.040654750559217384,0.36446441915908656,0.03630294532665074,0.09885,-88.21987768978792,0.035232327589433565,-0.12329074084485662,-0.04832065509616075,-0.0288108565303326,0.009332613929905146,0.03354473868965271,-0.04272533242426906,-0.014624011473034392,-0.0009647766415249144,-0.010936448596304976,0.006434530113249498,0.010594641022930734,0.0010867396326832584,0.0007862156203056973,0.17076762093716505,0.001204578746111206,0.0016380528157622129,0.0019436043005064193,0.0016384031069445176,0.0016710176513922404,0.0021206936444741497,0.0018471229116264081,0.001358694769221318,0.0006546119560785071,0.04807925911734297,COVID-19
0.2140100250626566,0.00323369003396186,2.941125765239056,0.2853002331606255,0.2190606088782118,1.5488748159009602,0.021924654583155,0.35422500000000007,-36.41331586762768,1.6773612021430602,-0.6840770470418697,-0.03641361753233172,-0.20190351376698662,0.003118349378033939,-0.0485158806876876,-0.23255797087449054,-0.1665844678365607,-0.002601878853638118,0.06393934352522758,-0.0170628627441814,0.01130056185484088,0.014140582794116563,0.0070099982236646085,0.0312202575022268,0.012182382462994173,0.015432148194051174,0.011351084922874528,0.024214236481358294,0.005938213899073783,0.01553955150180438,0.011938700845793206,0.017311424461255682,0.009231891473551615,0.021005163802869504,healthy
0.0010025062656641604,0.0002848566551231832,3.237486513973001,0.018504664028858153,0.009104926585958977,0.09081374316396937,0.061363297615761814,0.025625,-96.6511315862094,0.011533527418346137,-0.009344235148910274,-0.002369226847233108,-0.0038461568423378764,-0.005783935523562293,0.015557761823343223,0.00965649821708742,0.006365279667348673,-0.0013059154705893443,0.00787651291476033,0.00956009657605275,-0.004345090314139115,0.0002694359146832198,0.00021911415434627956,0.19460580069116798,0.0002565206812615772,0.00031678602472991934,0.000200024463321355,0.0009104919338836005,0.0001537010601792726,0.00014362232730581135,0.00018691381690675782,0.0003787600645678303,0.00015552003279254524,0.053810557658113614,healthy
0.1931644901728004,0.04477822658512316,2.9601080829751423,0.2859078264964231,0.2338232716212508,1.3914080348080082,0.016375759926528625,0.3294513157894737,-32.11582224237338,1.6125740165833515,0.17372305685168093,0.2522434776045965,-0.28230148228368845,0.1450992146323137,0.160251390750152,0.03502621688760702,0.09112859285556604,-0.034817136014556875,-0.15753568463340498,-0.041872065991274014,-0.10925441076344215,0.029294970811391062,0.00638563067830218,0.05080846922329537,0.011486833078521514,0.03305504455770433,0.006543678982927448,0.022066067624238545,0.002054795402644107,0.004280104021458163,0.011314594326227863,0.018703439546157753,0.004987485797916697,0.024117720222342535,healthy
0.12457811194653298,0.007779078564967098,3.016091291367813,0.27382058978758617,0.2330957655213181,1.1245140147307773,0.024317683291689395,0.22589166666666666,-38.90460100823733,1.7492145031943611,-0.6280905039870428,-0.5607604112552502,-0.503082606012238,-0.17244625783377784,-0.028647031591027872,-0.09504508380672136,-0.08773136784242655,-0.1235692467939993,-0.19510808334948776,0.06253231842181353,0.05994867438584458,0.011259867365607154,0.008356923087598837,0.07910509168683175,0.01829922714765811,0.01097540408035045,0.012924803494871299,0.011646902974529718,0.005188233999922919,0.005370090051559124,0.010847972860062444,0.006589920743069778,0.003997846190225385,0.030435352583450075,healthy
0.12926065162907266,0.0020330318384905732,3.149377427210805,0.24831460875898534,0.24529774495592843,0.9473232663366165,0.008723462822586573,0.1775625,-38.41642346848345,2.0686128888599677,0.18043381544610607,0.20398159688794829,-0.23775653939422214,-0.15564248482766718,-0.0958076685185782,-0.08724711956357264,0.06182364032926036,0.017265791273505172,0.04015909065750074,0.034539115750312085,-0.00045381272430711217,0.009591485302863276,0.0033437978780477178,0.12138330787840948,0.007175594929522692,0.007713239737910051,0.00532079970698627,0.01368759053705408,0.0011771801307918703,0.00616661010890631,0.008594907360285444,0.010956299698719505,0.004379801498863323,0.033228205037854244,healthy
0.23463032581453636,0.013620811871349243,2.902718035831064,0.3025781687954631,0.20263803170486966,1.3949929855774772,0.05755056444450478,0.38759375,-37.94895096365251,1.026633156760862,-0.4014855001623604,-0.380785444562458,-0.27163347291765044,-0.2097458701789677,0.06855023064014713,-0.16689047273504576,-0.1138537850468343,-0.10672251922597471,-0.22826635903549292,0.10574548434802437,-0.10601357768705452,0.019822055202861972,0.005152190897741733,0.04306952250203052,0.013511599845920735,0.009507248057495692,0.013403789070270209,0.009618679962611204,0.003305407913029789,0.008308649067477511,0.011586071376949232,0.016232732050155983,0.007027154805139485,0.021835547293388092,symptomatic
0.21962933649914257,0.016759720170608148,2.901398137447014,0.36795517220918733,0.2689870104395811,1.658093947313104,0.010832090347625388,0.3985776315789474,-38.06436218044479,0.43841571108911825,-0.24595295799804645,-0.10013889992583577,-0.26356764977834757,-0.051094761838910485,0.02615847852615128,-0.07410299976552945,-0.14405942375358397,0.05978149237872525,-0.23540010139405934,-0.08142961208174082,-0.13199203208309057,0.008067397126596945,0.004321260360010716,0.08516548346117483,0.005382491293063103,0.005454142225054813,0.005332171364868171,0.006414213670241818,0.004026132446265899,0.004352015081610811,0.006642834657283843,0.007823322521966325,0.006450670973436369,0.02614252416210829,healthy
0.24642543859649124,0.0034162208766625977,2.9938419852253864,0.3725069742173113,0.2749275875641966,1.6442016113188693,0.012324412762629577,0.4627875,-41.49952112353419,0.6285795491685856,0.09749811587027835,0.05103727413980534,0.0504230156080165,0.13388083476250662,-0.061961088846041526,-0.09037089052593729,-0.006910698371107918,-0.11447461298369403,0.12492011295624714,0.05212248045935257,-0.046582425581351755,0.007678677773865017,0.004017988478257474,0.08464103417142588,0.006712533683065974,0.009495786922644873,0.006699569799301165,0.025118622810977743,0.0032318827916493855,0.005164871538222164,0.005323313903925315,0.008709727208778781,0.0038125740881201327,0.02782509134562421,healthy
0.15603313840155944,0.01217800345483946,2.880887138286064,0.2876871045665746,0.24806392279566242,1.3064158354749307,0.022194668947228623,0.29208888888888884,-36.811594398347744,1.327966135022038,-0.304155244106608,0.47305936291018114,-0.22540312316559913,0.10237043476898433,0.16540803455494785,-0.12797988915754904,-0.06352412399304279,-0.10297656871908203,0.048676137516206905,0.03569684095617332,-0.028189835817957237,0.013072282945649733,0.0024225768743701887,0.07885679019435114,0.006953258526549828,0.011717587096763337,0.009200289704245551,0.023828271059665417,0.0032648856360681195,0.006389578837512078,0.010972363670933934,0.013311003793759801,0.0025180046440905005,0.02805763750833934,healthy
0.2187495053423031,0.0029582476859255132,3.0356085839242652,0.3399444536499125,0.25239624323356596,1.6016317648144955,0.008644012295789785,0.3787302631578947,-37.47083811443201,0.6079048067221047,-0.17252025853129643,0.14632064277528278,-0.45769173915850647,0.04598604035065237,-0.016950051268341447,-0.19285991715220674,-0.03705462615636387,-0.1596397877101456,-0.1726215975980933,0.08239361512585944,-0.07431074528702641,0.00852687133562358,0.0030481344739648813,0.0836142881309429,0.010882413900390468,0.0068431685207819715,0.004606304446848013,0.006621977817078141,0.002631251503817659,0.004229211362407117,0.006591853578375421,0.007027552103336897,0.005081731334548525,0.02487270114202928,healthy
0.21223196881091616,0.009161744118318407,2.9522929912068507,0.30495853303516973,0.24139907130753696,1.211149886229844,0.012503480044681005,0.3201354166666667,-38.43136393766055,1.5279330143657055,0.6196923410711019,0.0861691994942538,-0.4798294150840466,0.1947144818150059,0.007639778200925873,-0.22395736900744193,-0.05465797381022366,-0.14196214589072237,0.02668376183206441,0.09882685330512496,-0.05946109482210889,0.01942401102527078,0.0035948012027569153,0.04297648669233725,0.00823864753872444,0.013806350242126083,0.0106000779705447,0.02144271888978891,0.0046583519659386795,0.008145273175195818,0.026478614063143325,0.018097419011178072,0.003523089552094477,0.019687027044201694,healthy
0.1875850340136054,0.004464411958165149,3.092966748101251,0.28685885532962047,0.2316849757316398,1.4900967469151885,0.013850093240225873,0.3934107142857142,-49.16616672449259,1.1853905965230693,0.21467351177024296,0.20838916731962795,0.10287312035825595,0.11024593252212174,0.052750908831966835,-0.07059115399433549,0.04856441910457523,0.08035759815608264,-0.08025457668196422,-0.05466313746232169,-0.003393334078957698,0.013030667292243406,0.0027759046302123394,0.08709306882584937,0.007017672624345643,0.019132584228840396,0.004961399516408504,0.014403782026578516,0.0029538585173422677,0.004008562356533872,0.012574377411599282,0.016658521053749074,0.003692323741104297,0.02677146888813127,healthy
0.18887297609102113,0.008806664336081791,2.903952914763828,0.28401913659759265,0.23531375604579027,1.478930809263698,0.022623388884004548,0.3093293650793651,-35.07431945881967,1.8536398698167134,-0.37085640936777003,-0.23736670733074655,-0.3060644654760604,0.12206115918786263,0.02483528453071738,-0.18066808257898287,-0.056082878099501014,-0.2104132083744728,-0.12327624908009038,0.0708726222028066,-0.10856152644029213,0.01149349969600188,0.008732739543390816,0.04469722126634649,0.027529645409085614,0.01992193764225662,0.014623036397161369,0.017958611124257895,0.005821416432903911,0.010565632035839764,0.010316212245143225,0.012502047528070449,0.005436631905699628,0.02229910958135778,healthy
0.22032859927596768,0.009349208383595835,2.9626747914928626,0.2791055545087357,0.19289715488836037,1.592641427674132,0.12352452021575781,0.40348611111111116,-49.89280927810614,0.5776148562884672,-0.3246166289693186,0.3225041699995594,-0.22381436100707622,-0.05419179375256001,-0.057309732882974564,-0.1522725079239775,-0.20332871756854187,0.04885857283124231,-0.1344597199248505,-0.025068791300269375,-0.10942345118520057,0.006064979179886402,0.0031695940643926557,0.07998446356819709,0.009841109009492007,0.009052446723114354,0.006995952343692563,0.010964995632881525,0.00418183520372698,0.0049274231395884,0.005230849611442504,0.00598386289697589,0.0035464118192252638,0.024549978586221124,healthy
0.015654761904761904,0.00017219562327329234,2.9120552673688542,0.09550902718658993,0.05796827145465333,0.5684700510676437,0.10851190810455269,0.1423375,-84.39540084527815,0.14567938884022538,-0.012370204370602645,-0.0076142594288795915,-0.06192814096060768,-0.028760864110926303,-0.05095927925370667,-0.010803763468545469,-0.012669249875235189,-0.01839867836153071,-0.01472202165781796,0.007675253105875348,0.002462360157241017,0.0023297924325466936,0.0016024331594011558,0.15930422667323163,0.0024662955041537767,0.0030081947862178244,0.0024272841709853978,0.0036965198723865945,0.000821601060904885,0.001896145517923626,0.002407777514098495,0.002348562606518779,0.0014140242212320035,0.04439051330852412,healthy
0.35334168755221385,0.00035240261703760794,3.205931752438874,0.4213173424254829,0.26035132434770103,2.8287040686889355,0.004905658970923611,0.6843583333333333,-29.707177328771444,0.20703095803227653,-0.402011438278883,0.015106537438044385,-0.2219171716803964,-0.030963979473253765,-0.06108478364663812,-0.030706846202826116,-0.045003235082010526,-0.04105761296346244,-0.023871313517907486,-0.013029426835792324,-0.045462266140533183,0.00988353071017597,0.006832957568679533,0.011435547580264684,0.010005432901375727,0.009676451028696898,0.009939025239508318,0.011933135197423282,0.006102374990645629,0.00761433587917142,0.008302751277472927,0.008849273652327298,0.007231330466731495,0.0065231276933104525,healthy
0.10187969924812028,0.0020318412556589163,2.9102875475527026,0.16548595108570358,0.12695328994065275,0.7487470706378283,0.1188119199557334,0.17421730769230767,-65.55837454557852,0.7974791426079875,-0.05400557648043229,0.22984406308201072,0.0850233485941712,-0.04904115601377311,-0.03491327561574928,-0.011037611679764917,-0.10034659158589418,-0.005071300510350868,-0.009738161433475803,-0.04240840842987626,-0.04446442594509339,0.008626663457777264,0.0014934428709288715,0.11467741232146986,0.005743593865952343,0.015419144160334495,0.0062892239574996334,0.011064947988526915,0.002505745066501477,0.003931453482186562,0.007844371377823924,0.008696532829457175,0.0027681125894923986,0.03804418516233607,symptomatic
0.19728597810315263,0.004882246136500076,3.079055261248441,0.25568981423444603,0.17663389163128182,0.9838983171786262,0.02518980880648609,0.27637105263157896,-37.337659038387514,1.5176987114862055,-1.430396905612634,0.26557870916375437,0.302544778849384,0.19508968466482485,-0.01792004119771993,-0.23127555871360653,0.036864810896777886,0.07769407275216013,-0.1254097370641169,-0.15372525418474572,0.025073773413417662,0.0127349781618876,0.0027282047699655294,0.017737260990009062,0.009156758785515699,0.016310773463780244,0.007027170894403713,0.014602514452878532,0.020253429878278245,0.007332423505715049,0.011070857952881114,0.010810084478856383,0.014152343572971474,0.021806070384891497,symptomatic
0.1903396649518533,0.01320189213935449,2.9922759561741032,0.3286088959490997,0.23460407086275362,1.4643990341515063,0.014007440169841859,0.3171131578947369,-39.603801323998695,0.7645964838286315,-0.5083498996137827,0.07049415693424448,-0.44564396186647415,0.14928501879606487,0.05124851071654178,-0.121418990471952,-0.010733077845819752,0.0013919671684156421,-0.12349408729613096,0.015094055761481142,-0.046722464560930675,0.01024196898506364,0.003714565685017038,0.06682663292517523,0.015345998305488018,0.007090750498869735,0.008865929813100557,0.012880587679157136,0.0045012019439151525,0.0064065725857386764,0.014278960368754349,0.00989880109211921,0.004213878523971553,0.025834777338110015,symptomatic
0.20989974937343353,0.002823445420223942,2.842804698927657,0.3115538205799079,0.23932235780400007,1.5808354301531273,0.00726497397620945,0.41740000000000005,-36.361605023026144,1.8954847213851516,0.16459341539229277,0.008229812392727163,-0.7423836234765662,-0.14219969290819884,-0.2967696378706438,-0.26913548285096023,-0.28166620494679423,-0.059758578467638344,-0.08684171572910836,-0.1614185800138331,-0.10678402517179315,0.01034809111984418,0.005200282815203206,0.02698989110507965,0.012010774869593588,0.03787704349001063,0.023805820911523293,0.015741069396819324,0.002228403768223538,0.006704547930429747,0.036531798508726614,0.01234308650303086,0.008684242069433036,0.0161952921814189,healthy
0.17854218880534672,0.008852377855053252,2.907562860951213,0.25290792497003983,0.17529673434555673,1.2992179709904133,0.10306558033428445,0.31833333333333336,-53.52879669201961,0.7927004270211497,-0.23010410821641908,0.10046189649669557,-0.28217163285372837,0.09248509710324886,-0.06179618105480578,-0.09748636647345443,-0.03402623427227729,-0.08895194704887394,-0.05132149227438184,0.012967387217993056,-0.006893250140377338,0.008898501336764689,0.0035203014951777417,0.06660696050124044,0.013169919461474958,0.01021909649248083,0.008306545334040997,0.015462758963509104,0.004967289437952256,0.008259521238927656,0.007763982516580338,0.009794186823438855,0.004491511036098328,0.025040997146156495,healthy
0.17170228202084156,0.04010533031519984,3.0190030712985427,0.2841085208691663,0.2398720908078885,1.3611264036929478,0.01791564196986795,0.29935,-37.167330500446724,1.6711841496152064,-0.46284977682757295,-0.6493816540056357,-0.3811852271492024,-0.2350041258731234,-0.11725554869498271,-0.1297068682223541,-0.16986551927122037,-0.18128788175870286,-0.17644383206425934,-0.0992509797915154,-0.032365275681306906,0.016633819164818493,0.010498961205579044,0.06247021155200255,0.01588977714045574,0.01315776850673322,0.020712720078605182,0.010383732431772758,0.0038134175621934996,0.008549216980738055,0.008055327472247844,0.009311429525926024,0.006646686363204636,0.025230774897910424,healthy
0.2006536077034692,0.003655833118124629,2.953793466165611,0.28464392898512736,0.23873741078917393,1.7554831721194148,0.014908166814689042,0.3420657894736842,-36.8737717345699,1.6165973343746949,-0.20673854155434873,0.39271129557965334,-0.07433131539862554,0.11037241971415437,0.27035141356665265,0.08721734112753123,-0.06902420916816066,0.05595368306657188,0.0635910947118461,0.029975900415139152,-0.03343578027783773,0.010596314255640431,0.004316157571022709,0.04279257485154256,0.008719726466750028,0.019397397224924017,0.008756072699771545,0.048893426092114604,0.004114015296735836,0.008275586602661889,0.014437876362293125,0.026537059454947342,0.005733870288393212,0.021754406295941227,healthy
0.3141783029001074,0.016679494193903917,3.0696358529493777,0.3414280622718676,0.18473952559357704,1.697172333107092,0.02869841564652398,0.5071428571428571,-47.23614562668695,-0.1321778773767264,-0.1367183167212643,0.03529832927747273,-0.19347700377906857,-0.11658656868442575,0.030134220158167784,-0.05373902002680715,-0.050146289226356056,0.026799160326747316,-0.03562337204246464,-0.05403675880960566,0.020498756066941015,0.00594072598063456,0.0023087813299274146,0.056882437209023674,0.005540386012167531,0.0073614610004644815,0.007310883179555729,0.009884742977047499,0.00434690055608492,0.005343459945550548,0.006342653050436109,0.005631154402389445,0.004344114045393907,0.021343194330745868,healthy
0.07221804511278193,0.002187161006335747,3.0742237228089118,0.10843452084567626,0.0777739986649633,0.5077357045861601,0.04471163231896562,0.13587500000000002,-76.65429151364707,0.4767136415536174,-0.2393108596250491,-0.18214999464318118,-0.1183213675406299,-0.11370537698103245,-0.02731074618237344,-0.08311628533548646,0.005683332683017928,0.0718800757963423,-0.07797591971441734,-0.0008622189397577232,-0.09034116249902246,0.004004463526039432,0.002810248786075383,0.13932503565043378,0.0024665199304721003,0.0032114324820783067,0.003930581031032084,0.0037160717128727435,0.0017495846882059744,0.004594265352961448,0.006158610955846179,0.007085203855920749,0.0068178086946791405,0.04263728896522552,healthy
0.1940060678010816,0.0073699279326993935,3.100479168975737,0.3631008612214812,0.2753883555368852,1.7234233682415687,0.005988611231917361,0.4398092105263157,-40.54898498983044,0.9254343490565322,-0.2698748377889047,0.26048982524620756,-0.1566677016505819,-0.10690876446806816,-0.14974306611403265,-0.10713273582872129,0.04161995169016074,-0.028638512288989382,-0.2230760159566374,-0.14942262484911567,-0.08004855140408632,0.008120530496737522,0.00582105688768855,0.08739340830515563,0.005467560621918563,0.015505890375130458,0.003913545843550106,0.005139098105975499,0.002671362637078564,0.0038408379050914217,0.005638714734698115,0.016277916537127752,0.004933704284537295,0.026560641063019495,symptomatic
0.07810498468393205,0.002552626681007431,2.904618147363013,0.3193581889566498,0.24164130167365816,1.6396677541514553,0.01694124403499928,0.45556944444444447,-37.07909318853273,1.5687355837049293,-0.4184944469981071,0.19188621848302775,0.17305370833364078,0.09019214801762515,0.3376572137601512,0.12023103445846861,-0.10241895636179539,0.09265769512229267,-0.03458366186307665,-0.14369295124036793,-0.1362956994989725,0.01360159470397293,0.00459725404178623,0.062710702258421,0.006739760491433474,0.011206296896497036,0.006142253932357788,0.041571249457357136,0.005004420924518455,0.003845794326411963,0.014424301361871693,0.016977595067332787,0.0017416811963867132,0.02760432317077402,healthy
0.16408879341210164,0.004095086714410558,2.9116147106545074,0.24659387832157362,0.19284619201303752,0.9538463794800887,0.04956374919388812,0.2765,-49.97412619463682,1.0962613861763368,0.4113827684235825,0.11691197165842818,-0.30133489254082685,-0.03915688868298996,0.044995972485793415,-0.19997251828355564,-0.08676197786938615,-0.11125551419092002,-0.06546323526496303,-0.02781537299330083,0.06570391011748165,0.011095970080054168,0.0015531639777549798,0.07212678229037418,0.019289557640070516,0.020956680711633768,0.016645403254579163,0.021536239268490243,0.0014274433306041387,0.011672634553430258,0.00628217318235226,0.008004376807489347,0.002412726223791553,0.0331676333823178,healthy
0.23188025210084032,0.024393076711247845,2.9938642439914687,0.3109936422005337,0.22557660461873624,1.3321053683876596,0.019875313638918073,0.35311029411764705,-32.79001361414234,1.2870699339586542,-0.49585377755583293,-0.2325190915276142,-0.5038582803968845,-0.38557276896480297,0.115242386464662,0.10863028428577061,-0.06028965001296105,-0.005733593392440476,-0.02330178652043153,-0.12522410194123634,0.0656181528079324,0.015487052730330075,0.011861787100026165,0.02946294918376565,0.009984322400717404,0.006907206137170862,0.00996888369291185,0.015241902628777238,0.003013264657489444,0.011756252296420067,0.00941100280423559,0.017914600397356085,0.008432506786918436,0.02039608447940461,healthy
0.26760387811634345,0.0135334422721479,3.048756617796641,0.33827369346783304,0.23294893658263888,2.0989265426097035,0.012041756630756868,0.4792828947368421,-34.4216435296128,0.8488034706600397,-0.38098885363197676,-0.05766482917268857,-0.4219220186728099,-0.3366304208469657,-0.38448352316858203,-0.11086030573896595,-0.06406478938728932,-0.18503588616621708,0.07275741040120479,-0.018515930230149323,-0.1487081521423876,0.011247325970920067,0.00597480991775752,0.020223016172280162,0.018224314571337226,0.0183884231246768,0.025849977674790664,0.01146970758780732,0.009243555929453475,0.005882960118038406,0.011097291541359168,0.011676876160808754,0.014728544235812139,0.015709337938049663,healthy
0.17234057365636313,0.021973778044675547,2.8669020749895258,0.24912154458655128,0.19762647990144136,1.1898239974594897,0.043504546001074715,0.27755,-37.13968417674219,1.6505822374374126,-1.1212107316517055,-0.14353245953248747,-0.3765322471505151,-0.10386077915766286,-0.04324304725466899,-0.24295032308080797,-0.1261241654566146,-0.2733991824197919,-0.014626565437512071,-0.11258652820784291,0.04082001127911124,0.009331514988351794,0.0032477866329377416,0.050036654939331085,0.023472296876492587,0.027953377260273287,0.02030047964293474,0.011830971977561493,0.0029771853030651743,0.008122289778022653,0.007334832566268901,0.010594351052469518,0.010386266456282713,0.029070668407462003,healthy
0.13817042606516292,0.00017284209696015012,2.6212199127243507,0.33986509833513406,0.27271673838005006,1.5809897373776096,0.01772629957086246,0.46425,-46.447009338636946,0.8374225590483435,-0.1012689877000145,-0.06702371217283269,0.15858596486541512,0.01000123230128028,0.13170356900667643,0.02179099034124086,0.004981771793205339,0.01257719891047826,0.00446091860381187,0.043912180851384305,0.019895693251055346,0.004793050881656189,0.0032905833300865646,0.08531826004694146,0.004704722756940344,0.008396007569625268,0.006179764277252028,0.07023217913659884,0.0028975970999143294,0.003516277626550444,0.0053614169073002175,0.009026083976808267,0.0033395367352397473,0.03319868984825825,healthy
0.1858395989974937,0.002880036474075983,2.9515651874781867,0.2936700943312597,0.2583893211219458,1.5375764568029617,0.019008904965472063,0.35489999999999994,-36.33134554008431,1.3623502539816497,0.08505121901432341,0.1819030720315083,0.01605602265709275,0.20921608017428833,-0.016526230110235983,-0.15861256601163393,-0.01799291994980156,-0.005793271653865406,0.019183622055346537,0.10419391727234681,0.024995150658993166,0.012220138848533662,0.0020961412536072603,0.06048467461334943,0.009730525796789926,0.013225396882890626,0.012933836737215886,0.1192995374726864,0.0029099028765679725,0.005937796848293239,0.009543835809494982,0.019031888751339023,0.0032354373441530345,0.039535413352864035,healthy
0.13794928497714873,0.007662924773435377,2.98300253932369,0.27848388183698136,0.25747978521312903,1.0558059253625252,0.018826685529696734,0.261975,-35.23892100509396,1.7486239401316293,0.3900616292351257,0.4176149750259325,0.1475014726480212,0.3425846234363122,-0.0038752209318834163,-0.019283345147501314,0.07876854886579161,-0.09515531578529432,0.06827078581406051,0.07795029677683266,0.18187295299028056,0.011077882005718274,0.0021049202309496957,0.14642190396911148,0.008153184441431904,0.020425136540436713,0.013136639650509296,0.022997129342012194,0.0016327768850554372,0.006406951983817871,0.008158721210958576,0.015948517257848023,0.0023149986569623625,0.047439944210035154,healthy
0.2026691729323308,0.008041738057292394,2.6652180285798597,0.30585576340778503,0.2247717491174451,1.6761459195867432,0.02425221527866096,0.37545,-35.011961412493925,1.526509159866554,-0.3897601215585494,0.03541380651540719,-0.4736378948349949,0.0818846005388086,-0.15038328720753213,-0.1527601403482302,-0.14799403971440567,-0.187027380101634,-0.2413203396648309,-0.1155213669454906,-0.10948741525748969,0.02339547095574726,0.007882179055023173,0.03669587842525134,0.024436129911061737,0.02119336521576376,0.012258259958365523,0.014246300459687573,0.0031633445523613106,0.007951069619107982,0.009800083526716491,0.012457679219913798,0.005976870545719,0.019918960007878416,symptomatic
0.1939813820264948,0.03793997457902607,2.707607552655909,0.34695561507430744,0.2390101698291288,1.4781229542402314,0.03844279344825201,0.3568571428571428,-36.21598488168013,0.548546994084101,-0.5871314137650578,0.45644749197773143,-0.12168241305489583,-0.26690879965954895,0.031806456528763224,-0.08433085624118278,-0.04798320945908507,-0.0888187895843205,-0.08899038518967742,-0.05630510862763405,-0.060319352077960894,0.010456173840893247,0.005584153688455516,0.060460385259211914,0.010863075788270556,0.010048255674654978,0.006704464259640536,0.01206720139600468,0.00416481740185618,0.005312300775050867,0.008782641746920443,0.010021825708651004,0.0045064011797567435,0.022478966065445145,healthy
0.13494152046783625,0.0072786481897168355,2.9550560910517034,0.2973384606111713,0.2533220833222178,1.1755668874765817,0.022272815585564043,0.2523958333333333,-39.51709884064647,1.0637983903453179,-0.2865818771427828,0.036123793342760585,-0.20699719024465332,0.14752092001731118,0.051104228746725065,0.0859544366452988,-0.18421752732939445,-0.10655727470385878,-0.08956285818474324,-0.0345319721139987,-0.07889494556718481,0.008742088531459179,0.005121400242067535,0.09633296547267273,0.013417008779502144,0.01529486323602604,0.007844568114598032,0.011516046617674294,0.002138758927401084,0.003391411585255914,0.007240789861383105,0.00909933761588887,0.004689654750178339,0.0317811282294751,COVID-19
0.12649480844969568,0.01491489974186086,2.9957727340055547,0.2336121403886903,0.22310964705965225,1.0075785970725872,0.016685848370178873,0.2412857142857143,-32.934797138577444,1.439833710381238,-0.5733388933928056,-0.07297764448404738,-0.22822989485374562,0.046399326179397335,-0.2118988073272696,-0.4322619375025799,0.17258826830344054,-0.1437476366213255,0.05092904676220344,-0.14225011413666486,0.014059964385884898,0.006006019873312643,0.002979265066265869,0.10875952806839664,0.0036825660447402644,0.005629482252234716,0.005524751712152223,0.0065696221360859635,0.0024688681166600765,0.009129880984776137,0.011170688679327332,0.010006012087836757,0.005377489011690913,0.034992430808612744,healthy
0.26311232627022096,0.004144554274764716,3.0357780105799885,0.32631855700902207,0.23572837547494324,1.8808677007820174,0.009190813506657194,0.41236363636363643,-38.038006134535706,1.5637477712256191,-0.15964058672574513,0.4050598649606444,-0.7193606872932586,0.11378345346216605,0.1299744820191748,-0.3262691085509014,0.22622529226951124,-0.18327732603248048,-0.048422697775541174,0.21997486444055578,-0.1613532484317657,0.009075527434843437,0.0054036684847303925,0.014062549146979004,0.016923584958100223,0.020680642792141386,0.011519513114131984,0.01323667421661527,0.004174691192890167,0.006997509975546195,0.02104837823416458,0.016311227913350268,0.011416601191656576,0.011995768940844228,healthy
0.09828738512949038,0.016220137644035647,3.023858105504272,0.1803844793236498,0.15757751697613098,0.7059855912289145,0.11363834660882151,0.20525000000000002,-59.12938686252988,0.7933166189416108,-0.1642169645519052,0.13178133556609983,-0.24267178664182174,-0.1296539936363633,0.26495075339272145,-0.08327569671136906,0.013205646155632531,0.00724082829869437,-0.07843542178233547,-0.03949055980050542,-0.023763690324313896,0.006426033129221089,0.005448304276375622,0.13248862704379158,0.007979030003177871,0.010219811497179829,0.002853361705986325,0.005781410652580274,0.0016100674012096367,0.003065574017895151,0.0037667890164211192,0.00445539380552638,0.0019045907089212718,0.03966937292911473,healthy
0.20662768031189083,0.018606605115000088,2.5257974119735924,0.3004382644906575,0.25847793073728337,1.5222504885771393,0.01562746857547005,0.3333333333333333,-30.698113536613707,1.9829980804894767,-0.14178009083547272,0.04582644090685798,0.24514373338583073,-0.0640672292335731,0.08165395003870107,-0.2276651758698901,-0.17431676299092327,-0.038707169247777666,-0.039017246828679665,0.03645731269397058,-0.2555748000357955,0.02200773967904125,0.0025434611872726196,0.02341521850703359,0.013819672001347672,0.010243564113797501,0.012470968600951322,0.022886839439031366,0.009991525622585581,0.014854231516519514,0.03184680483335009,0.03185330040563015,0.004193375448693788,0.018398826310620703,symptomatic
0.0931641604010025,0.0024122213940622568,2.755961611768474,0.18124877523670307,0.1539187756935301,0.9407667710499654,0.12281076063065229,0.18258124999999997,-50.26368334636852,1.587163039376597,-0.25504106162098455,-0.1807236560784557,-0.10255510232324974,0.13268701427848734,-0.12013045534698681,-0.13150172473243998,-0.06311995552039598,-0.0023043981180398375,0.0007503551558302069,-0.015840384513251725,-0.07985901964674327,0.011762712030955799,0.009126580800725545,0.06843856913758439,0.004878036761484994,0.005085807814521972,0.005951270797614679,0.016054587200043595,0.006911517156359235,0.01053689337160777,0.01602584834456399,0.023222853806595917,0.0033760195257417683,0.030583812169909703,healthy
0.17901134414984832,0.007182532352708928,3.1487789503607844,0.3739378520229408,0.2653064733225203,2.2045530165256952,0.010398377743528135,0.5824131578947368,-40.93018948497282,0.7446627983599555,-0.10984621670787971,0.23810315915248498,-0.1513394773343119,-0.23079760419223688,0.1071752824703234,-0.09830449732204208,-0.27869548954158213,-0.24864331666502837,-0.15392559116538446,-0.02137273792622345,-0.0061680027115012855,0.010641094238880523,0.004127696096606107,0.04846640347645422,0.02339598657250768,0.01767591980426648,0.014325631628295199,0.013916753530480585,0.003180966753995836,0.005062052756411663,0.007102682163477187,0.00930402405347866,0.0034701679734469213,0.018414435520464498,healthy
0.06586466165413533,0.0013776957165173155,3.0598943626792057,0.09696434268603994,0.06480566447153155,0.5803632623922315,0.06218021551158742,0.11122499999999999,-76.75333153642627,0.6235397331101147,-0.5223991428785214,0.1907519950888814,0.00019855568131145923,-0.15821231249514928,0.04446806704479475,-0.0972291299451444,-0.0444260130847954,0.05942139601755111,-0.07471959676649785,0.0026603924902906017,-0.001623038295642623,0.003675016331960747,0.002417347751650269,0.13825198378466852,0.0055130270712177906,0.004751505822996938,0.003559809452091904,0.0048105335306324725,0.0017868112152995114,0.0034677650479701936,0.0056722792218310515,0.005189938400161411,0.0033108847725045348,0.03999413499945001,healthy
0.0024561403508771926,0.00012991433162837224,3.2706767290261403,0.011448141127206659,0.006675919675769986,0.03395784015936211,0.021167336998113406,0.0046,-96.62880662053144,0.11704241173483991,-0.006118894351818773,-0.00988503140536139,-0.02045520352775273,-0.01348904977437565,-0.01243531784874148,-0.009718002211387345,-0.00200600913739601,-0.0015243407679899246,0.00379625551682448,0.0034673427516426734,-0.0009519792672396188,0.00047050190428288285,0.00017336644198659673,0.19337001147020297,0.0003725967962179458,0.0008859564718687394,0.0006394395605497668,0.0008465208388002639,7.788126038216778e-05,0.0005178826373728647,0.0016553006520893469,0.0007098742114567773,0.0008539215271562477,0.05394540003688071,healthy
0.22196115288220547,0.013140827078367452,3.08556147380704,0.3271150208458473,0.2697304634823544,2.050836304506282,0.06790061811565912,0.5315,-28.947481215531646,1.4977501615582554,0.20898623432260785,0.008618518755163273,-0.033864567820910456,0.08058863207233721,0.004469414356046784,0.004696577718736352,0.03362818165252163,0.06973830863259481,-0.06514602410026196,-0.0032082935928631666,0.018333191005265002,0.015253739029646189,0.00536935644756437,0.041678318185999326,0.014960785319368917,0.01656307695462595,0.008336747477492747,0.02976722367231204,0.0034425212060209447,0.011383234212791655,0.016394710454093162,0.025247834148255047,0.005641102393612584,0.01700330331544578,healthy
0.30175438596491233,0.001883011023011116,3.0127973273632027,0.37318987356705396,0.2820699873154615,1.965588684505691,0.015650387205214427,0.57475,-39.3642605908856,1.3287461269192875,0.548699712276001,0.18542737137545276,0.07450757185824249,0.08164935422062346,-0.056506192669342425,-0.1785454288409157,0.06615716502632646,-0.12611157403507817,0.12021061264138838,-0.020723367159526367,0.06892928389895515,0.014933201411543194,0.0036817481440853243,0.03911634210885758,0.011760932409498825,0.01874943887658499,0.009992159974938223,0.03226517852094641,0.0027628477992592197,0.008040292398172317,0.013904550901646906,0.03331768668948424,0.004349973890854997,0.01905615421128969,healthy
0.15747658620234797,0.0027654678675063963,2.917389832985683,0.2756327703385717,0.24356171486106848,1.1746535423170097,0.016169568949035807,0.2572644736842105,-38.03542183400377,1.7824147123761402,-0.47213660922817324,-0.3460662535855912,-0.45095717187859236,-0.27014303631708353,0.04094151701361236,-0.28072064867725316,-0.13661248232330805,-0.23926496853821555,-0.008004041725408553,-0.025968495287225214,0.007342537750844547,0.008988806681616118,0.004102642416209237,0.06346346251765886,0.01324899052619917,0.02279125490616838,0.023003461888884726,0.015422250266026677,0.003328180013188181,0.00791264856999448,0.011845485155793287,0.009166690587598942,0.00475629479441291,0.027099865091195774,symptomatic
0.32026673827425706,0.013447388766342211,2.8384237705989395,0.3669205678224187,0.24571448068165874,2.1308664854546953,0.009212078901997958,0.5336,-30.799766085353042,1.031154771976023,-0.4578953927990419,0.007784307889860153,-0.6268272454600209,-0.22356997868537767,-0.02440754352127813,-0.0868311568434684,-0.051817179331307514,-0.10221923198600431,-0.1079623802738245,-0.01584935470543243,0.1300423284202511,0.01292926982159744,0.005966060501740196,0.013844838542723639,0.011063249727301284,0.01676542819408611,0.01157267468210874,0.015577276299795047,0.004523225331208077,0.011291063810765523,0.015336891998416558,0.010906599652517666,0.006820122736418711,0.010290372888309878,symptomatic
0.30787297190344287,0.0033857104491669945,2.895312235522787,0.3600150243333767,0.22978617701305173,2.0590891508206957,0.009905682019552272,0.48155000000000003,-34.5051520425503,0.9608327186308434,-0.3178427342810274,0.08540199476177127,-0.5065470297980421,0.005584579745412814,-0.021408062424649127,-0.0341042214498635,-0.10887138798139014,0.03177555834713257,-0.25088007295217263,0.08867014179607988,-0.01544965035745321,0.019666175655277673,0.006533546883772359,0.014168462924339337,0.011263049666439545,0.016490277979254647,0.01647944313240758,0.014241089147246897,0.003803057584338074,0.007002015904827316,0.010515375707898135,0.01545441406635851,0.008549717150973916,0.011584325160224616,symptomatic
0.11933444722918407,0.0014063948922081568,2.752491336566337,0.25682893056920575,0.18612273052106457,1.4608134239324833,0.162846593451723,0.3480333333333333,-55.99928935797762,0.764140622669594,-0.08722437128188901,0.06783032264652794,-0.17490322700799282,0.08308078165139947,0.10461823176039801,0.06687806407182788,0.02913206256864783,-0.0235186878094791,-0.06387043709789236,0.0233655334281948,-0.007717923265449708,0.008929749556137328,0.003931632819543831,0.09491093878457665,0.0080274213433087,0.011581304489267027,0.005457629552614325,0.012921075942479493,0.0020392014947110855,0.00423951062932416,0.0078079029378113046,0.011699652239490646,0.005308413365836442,0.02756760388580986,healthy
0.24883458646616546,0.03027791543084315,2.9508914909672534,0.3203914527603423,0.21997762288263933,1.924214568331691,0.012328474601607813,0.4349,-36.109757938433496,0.8730409165306614,-0.5573686912805871,0.4295894286569437,0.33621904300618305,-0.240966968267325,0.20872360282395727,-0.2534078640581086,-0.23020540327514355,0.03643633695879645,-0.025700789680973123,-0.07028162448617863,-0.1996518056962293,0.0127424996430449,0.003259926459340763,0.03633106991957062,0.008023459638013425,0.010015110084226451,0.006825736556277195,0.022061490922428297,0.006506179242909305,0.00693474465815158,0.013884332901841264,0.011648209252669284,0.005520051986491143,0.0162222667828601,healthy
0.16099063448093917,0.011497106679849153,3.0158654000235545,0.241166456879556,0.20643183237296422,1.299298430625865,0.01553602370331407,0.27653157894736846,-37.75293183905768,2.145236029323735,-0.3561753055383227,0.8791604196200922,-0.048637484287394436,0.2618832837193329,0.14446995907576532,-0.4676764104470041,-0.1603687181394092,-0.1144141210002861,-0.11395031898440693,-0.07753781906729167,0.010064951525608708,0.024217912322426847,0.0020049237274791915,0.03919969177403753,0.015559903526785754,0.018784577173212882,0.012501210361533005,0.031488440641097154,0.0034925351902143796,0.006386094114613955,0.027048170122750702,0.02873776667790482,0.0035337215293954243,0.023111272824124583,healthy
0.16145627225959633,0.0024880198325038716,3.080835927612947,0.2545346715920657,0.24350948444427578,1.248012335669848,0.010278289037063732,0.2668197368421053,-34.470978132919385,2.3084704915199827,0.1489459369509108,0.3647310095530533,0.366321311065789,0.17068377695488154,0.17470288985782975,-0.11420857575722414,-0.20456447675248818,-0.10410982699883711,-0.0503940628672729,0.026836359179999637,-0.0028496846958696725,0.04224974828347163,0.0025022633553460293,0.02101245125221935,0.009052482748853362,0.03155611808232468,0.013167394285795987,0.045102519126642635,0.0029625406861741714,0.006744148506736852,0.018177332211405377,0.033243033722523886,0.003824432253004423,0.026585305122267172,COVID-19
0.043421052631578944,0.004106404871976556,3.03348933005637,0.07516115197936869,0.0623851795277924,0.33348969415036506,0.0502985388644923,0.08306250000000001,-83.06326300581713,0.5284652578535701,0.03311900894325134,-0.19430497778874126,-0.22025777967513904,-0.040032209988000576,-0.013332953809591807,0.005927358590113841,0.006218184142658014,0.049726742427395026,-0.050511404794412504,0.023914656417454286,-0.014523962796085754,0.010215258974848937,0.00389689647657832,0.15950734228104987,0.002280132201063059,0.00304887266218051,0.0026804457314151416,0.0026370565111629857,0.00031897112373248615,0.0017007214987080092,0.005035950062339407,0.006310335136988794,0.003977527000276563,0.0468107408783256,healthy
0.1938095238095238,0.012938050257177185,2.836965135583731,0.2599192197849774,0.22050867204808955,1.2722352937275259,0.0286681693724992,0.30445,-34.62361453074397,2.2400204454794492,-0.2773958696983632,0.018419305140859314,-0.21279180910709253,0.0742981030028446,-0.09912801057014177,0.0740331887565516,-0.13492874676240296,-0.14119837045819927,-0.10932318726485697,-0.10000123167324163,-0.14688117960868938,0.023852323518369366,0.004463662855645102,0.041034418128911995,0.012494282361828654,0.023084778514871434,0.01515454739757167,0.025775788625342584,0.007836062691200258,0.007776224614993899,0.012083459277865926,0.020904642200962963,0.004642940945281553,0.024397016652731574,healthy
0.030225563909774433,0.0009181815858296258,3.115721846210677,0.06914378386763922,0.05260050074802639,0.313637466433643,0.04995499307269082,0.077075,-87.11148412884623,0.2705200000605387,0.016873849771577482,0.008185773600555649,-0.05166654182466886,0.02676590588628045,0.010909570299577427,-0.0010482048593866225,0.008144338535015427,-0.012355799469003143,-0.01754555128003987,0.005782427463714499,-0.014786297715157135,0.0024175928259060207,0.0010679807362404768,0.1736913835873006,0.002283027395504715,0.00216551983937291,0.001879880743554314,0.01004986556155938,0.0005508636137738848,0.0012045144761796138,0.0018762290598506649,0.0021311220872037282,0.001233928498081488,0.04923150220078382,healthy
0.2460252192982456,0.005981130939954601,2.714315955795472,0.3153813900841548,0.2168371176332821,1.2797804701595121,0.020246062866797525,0.34946093750000007,-33.7465994673122,1.539612301826646,0.09457326535424429,-0.19488001227311885,-0.36333269377784916,-0.05254261533916316,-0.3518953942230463,-0.08585456047147445,-0.15283434767158258,0.12049518611562131,0.07870475527878124,0.0984751328464483,-0.12195091505470607,0.013253729346481216,0.005900857275097873,0.01744095875278485,0.010633784170470596,0.01910373378393261,0.018650408290832716,0.025803442758326443,0.004738227935725924,0.015916148983724558,0.016025956289723337,0.015428176103706982,0.014528920694955661,0.020472698918590385,healthy
0.24783208020050124,0.004900139871580595,2.9280359711825903,0.33034094892139865,0.2531358393767794,2.096565360758571,0.006312609402483575,0.4670500000000001,-37.58287760173344,1.3838226602101664,-0.27153797656284795,0.12116249438427203,-0.1814778970834989,-0.017012039164108744,0.04911319391099831,0.04296289811749637,0.028414568537779385,-0.03533372774434164,0.028233582673008267,-0.03147252333215105,0.07286142628212497,0.022742678106620506,0.007439942530901658,0.03564689287070496,0.012894041008167257,0.014624627692196338,0.011546653377882372,0.017936214875126012,0.0046421260877031675,0.008398346285254142,0.012546998406520654,0.018837351066188716,0.008568203587302679,0.013955697405714309,healthy
0.22682843472317155,0.0029828164341946417,2.998014370161317,0.3068660715013198,0.22854939306891459,1.9197615862950452,0.009376615737863771,0.3692329545454546,-37.556993152280285,1.4743773655638186,-0.6755515957262525,0.19908684319778042,-0.32767569674752184,-0.13542534497215447,0.024823964539982056,0.04891675238831937,-0.01484377309988965,-0.08917077435674628,-0.11027251710318747,-0.08442697634190048,-0.02110958230886261,0.01164898303992087,0.009761747014698653,0.030109020437069638,0.013513921680382776,0.01246587841356156,0.011592969442573361,0.015769458013992318,0.004488151088412544,0.0071782502608072635,0.014757269329515727,0.017473044512772856,0.00893746435157216,0.01332533508210823,healthy
0.3041040100250626,0.012388220892571564,2.859028447964055,0.38082100462521506,0.24643717011210983,1.8616296055364958,0.04060535996309547,0.5277499999999999,-35.50420072544057,0.559848831630616,-0.20493758881583557,-0.15649455433207726,-0.18549643718732195,-0.03646245307240728,-0.19861170136634076,-0.289009629302797,-0.07839495561377849,0.026865855397477583,-0.03208608445689038,0.050705912473090295,-0.24545109768047463,0.012081229201718842,0.00611262405595593,0.043159426893760094,0.010165144876733104,0.007208909131225582,0.009777353718205078,0.01752047039069315,0.007590582038482015,0.012911197500278058,0.011561763384698902,0.007528679000526531,0.004513115272337527,0.019252453735754682,healthy
0.22002734107997265,0.005468292955812397,3.00655262253249,0.31925583820298326,0.261000169972259,1.935597018936634,0.008103781521162435,0.43520454545454546,-35.374262883400206,1.6273612228656809,0.3152606981811301,-0.015247382229299071,-0.3881465317424173,-0.03778781512074944,-0.0707397240604082,0.03791344837744795,0.021597885534631336,-0.09676086459086788,-0.051733270160652656,-0.015488379735987821,0.011199231770738944,0.02096349444302663,0.008098779074458828,0.022013419760006914,0.014408703858175286,0.02622690494231521,0.015649767268050594,0.029514029023899994,0.002673606347230143,0.009345140887924578,0.017453601324399427,0.021868652920594596,0.007053560788899267,0.015084825273698805,healthy
0.09635199108883319,0.00012284483543322595,3.0260451833160644,0.17188859537002388,0.10117951613166559,1.0433206070277778,0.11497341241282702,0.2869722222222222,-75.14500655614569,0.03708955645336976,-0.11016596872246766,-0.012926381798706916,-0.20035865037445252,-0.053886637186595976,0.04233091113075744,0.03915127309616552,0.0019002079976812977,-0.05590470353297329,0.0008494349518688799,-0.03372949394097464,-0.028351228548780347,0.0035889087499258922,0.0029875514132305333,0.1320781881586331,0.0026684758049375784,0.00346696805535409,0.002871136491268646,0.004130792472949955,0.0021796054640608902,0.001678827918774857,0.002449441386881515,0.0026474399043193452,0.0023875815249790986,0.037197361223398416,healthy
0.0519047619047619,0.009065712197723404,3.16416534076864,0.1661958142213379,0.21178457836241948,0.5028428030972762,0.01960046053935973,0.11055,-35.61041519907366,2.1243166676786944,-0.003936679652022457,-0.0687600677639305,-0.27738981706254906,-0.07465979527391825,0.07060834584320827,-0.056001570724398854,0.022239610031291525,-0.11786470250979271,-0.04861215028009815,-0.16196543568776284,-0.0748519425504992,0.003556185832891029,0.0021082145260255666,0.16337262804640518,0.0026822377363748796,0.003794700207115758,0.0031208504734101445,0.004873853790021266,0.00141252639518968,0.0017199675164552275,0.002291339624039452,0.0027687495051889814,0.0016132115864990189,0.04581918417150052,symptomatic
0.22736386420596943,0.0017721764979776455,3.008994581060851,0.3042099110264158,0.21575310148938429,1.8354883127486898,0.009893081286995604,0.3795681818181818,-34.46548925321056,1.2621077701368428,-1.0657023156488388,-0.5825123521584364,-0.41935809021954973,-0.2147412740718275,-0.08620293715721863,0.06080699843650936,-0.29346976597694796,0.006894046467810283,-0.30998082295297646,-0.02275034973570422,-0.12896681977333532,0.016780526435694106,0.014807305709314645,0.01956604667363019,0.020156464938176907,0.012093152891779696,0.010460147915654526,0.014297633533978,0.007349341166652529,0.008955136127852094,0.009932163511544086,0.013024378312359773,0.006924383856768915,0.012994462553837549,healthy
0.20277479412817764,0.014932686655803783,3.0575853777643647,0.32158231832401596,0.25829587112351376,1.413193875330459,0.010086406343169384,0.3544642857142857,-34.76643684982468,1.0499231535433764,0.18002539747179053,0.33011414696260744,-0.3855833047057538,-0.1643750382659834,-0.13522641422063023,-0.14549224227011687,-0.033270324272740695,-0.06856109804918609,-0.029543848245081886,-0.02046799881228747,-0.0622792052668147,0.009502981547293066,0.0031695945228271045,0.08675284995818651,0.007818789088789703,0.011428439578483971,0.00952579714265578,0.011453742144590018,0.0014791894383974844,0.004382407430779789,0.009920791924984167,0.011387033334103795,0.003298805739538352,0.027420153428204218,healthy
0.0993859649122807,0.03050206200933291,3.100279009425407,0.2410457934008901,0.2486173874661115,1.0225647222696834,0.0003570970192570273,0.19705,-22.747106488141203,2.2058885744528256,0.2734848400009547,0.6723896061048608,0.15671888119889107,-0.11884225070742427,-0.02947405742261005,-0.13642792765183714,-0.1754380477694834,0.03955839793874575,-0.12885631969795977,0.026637945547850244,-0.06661728648704371,0.007271327215759846,0.0012579800745381204,0.03407199540145837,0.04143511185132351,0.0315921540585408,0.0023340895965805954,0.06591073961955803,0.0007288781785796171,0.0015988088090540874,0.06091992992075794,0.012460312141250846,0.001047353619854117,0.023495861445245382,healthy
0.2172543200105527,0.004503687994067297,2.9481692524018026,0.2964038772158646,0.23464313552224475,1.5077234416982022,0.02043106590498766,0.34578947368421054,-34.4901878943882,1.7713291309401504,-0.46175608829956216,-0.07451868983137978,-0.35499990029544465,-0.11235517790174607,-0.014562096992860341,0.01520049042470363,-0.005096625934087466,-0.04228143943021275,-0.02581439576179636,0.1069908700306268,0.004422360743808082,0.015230202341243313,0.01159398869990166,0.025862033609769425,0.01116176937495636,0.016282114767377183,0.012445861850001877,0.02238185057374437,0.0033703137094499027,0.013172721743651647,0.012598885603231635,0.01803170655843144,0.01335581616842602,0.01936480778187646,healthy
0.18105658884052236,0.0051090069852148794,2.880996953894864,0.3142883504265464,0.2593616159518028,1.2960594264789147,0.013870920538335768,0.28910394736842104,-34.12492674612503,1.4201659186678453,-0.10508739522720127,-0.6114153394439439,-0.30300443052387827,0.05932512659787924,-0.23413977727785462,-0.2842473404839848,-0.18599080529768217,-0.1888542634419847,-0.08998220594528493,-0.12932126899666269,-0.044397940291126196,0.012186337509625575,0.0029374982343096426,0.07910604797747169,0.010129142096421583,0.012335842986399684,0.016279289844451237,0.01165365241424396,0.0034532468385737106,0.0070277926321421795,0.009841888734811247,0.011580463443595828,0.004690809637516143,0.02716135904864443,healthy
0.17359022556390977,0.00439567098585885,2.7515399152693387,0.24623466069388414,0.18274394283619733,1.3572963943632446,0.07297138702677075,0.29631250000000003,-47.13750212167267,0.9029105501872436,-0.45275765899879056,-0.07263013820365447,-0.5513321691450555,-0.1493516425546464,-0.06602885820241002,-0.2840438103917774,-0.24509480776389797,-0.03538470660376104,0.00040030849326643664,0.048481303185742605,0.015184572940546967,0.011355454647981707,0.004325311097283457,0.06718336643055198,0.011582753190186361,0.010434403056857744,0.014208075053280596,0.014928380682163778,0.004200558308207673,0.012719251934782601,0.008643587064884046,0.007556517596789258,0.003936122373355924,0.024733143437442484,healthy
0.18313840155945418,0.00384741772972855,2.9257344282841666,0.2771077338480258,0.22993851216326294,1.4459320603293906,0.01720438957573372,0.33331666666666665,-40.648921867865674,1.5108576749454934,0.10266181501140396,0.5312324118909405,-0.15668666925101918,-0.0592188839525233,-0.11337901886669281,-0.21199269010405164,-0.19323688642095577,-0.27801092683893047,-0.050737736507205686,-0.11194441658711116,-0.1118404576920939,0.02330324394773448,0.0032306531045305244,0.04780413176237648,0.02467510151177151,0.028870605876260724,0.015618486281680877,0.029210841503560625,0.003025263310970206,0.006751809394196576,0.013315193658702231,0.013542296666817211,0.003040089460358774,0.024581292881902486,healthy
0.08670704539125591,0.006202065660022402,3.025974738776157,0.1388562523779684,0.08977662901929066,0.6225880510897246,0.11150506798374571,0.1679027777777778,-76.09933912797594,0.30318085817758766,-0.16039047955372776,-0.14124152738356793,-0.13006150264900926,-0.02605064013481212,-0.032164438104658785,-0.057324464117374595,-0.0675643749506766,-0.04553245953073255,-0.02110913814717408,-0.06211645307103451,0.014660821994509344,0.004533012533980372,0.002365773616975835,0.14082341015424743,0.004692943819427943,0.004091765117875333,0.007161982976820536,0.003954340690993936,0.001251853899376085,0.0030672351099581036,0.0030746314787303535,0.004517248144351183,0.0029044588655859913,0.042204249619438694,healthy
0.14388888888888887,0.013628042863720902,2.8330463411550886,0.24372788119056735,0.22417078601916168,1.2252342384744448,0.014541394992318763,0.22696666666666662,-37.20151653679083,1.9281284856698868,-0.33148014534693393,0.3100401438775421,-0.18799624887658967,0.3269888842031753,-0.06610807462587327,-0.02670523112350325,-0.04193908141730866,0.11516691780030183,-0.030237173785132743,0.06477725944155822,-0.09298310879933581,0.014021201320447105,0.004384520110001243,0.061415233177644746,0.007272162778309839,0.01694093501574056,0.008016781857379135,0.05809328935723268,0.004247227284029909,0.007208844686540092,0.017403126067162693,0.027055199151190073,0.005230355531992519,0.029146705684057545,healthy
0.1902255639097744,0.008272073216261482,3.025217169408782,0.26374205306441495,0.21844195719112935,1.3667634193511204,0.03269974454399471,0.30815000000000003,-36.77459589816302,1.9373136196688676,-0.31712748986916056,-0.5330884460442964,-0.38416864433312603,0.2904189740869104,-0.07657193489806445,-0.06283436838503768,-0.09882039727897338,-0.05758865313923236,-0.08473997787847694,-0.18257036566373763,-0.10893168174166853,0.02281569445686478,0.024195506523889323,0.028192996227974436,0.01479145913564962,0.013266842535109772,0.018669292255446904,0.022895573479371358,0.004303701744060609,0.00785859384815302,0.013285814732879625,0.016190657175978427,0.007618314922249798,0.022202013777185357,healthy
0.1681829573934837,0.0037844254946437393,2.928595154043629,0.22885745569035273,0.143681979000514,1.2661935160924276,0.055084068338346934,0.31882499999999997,-60.133052577182454,0.2238566971031161,-0.30447005755361084,-0.19105926522039074,-0.5357324762941157,-0.051184951584244034,-0.059833656594366236,-0.012642033883001799,-0.19828544484762733,-0.1673275094050622,0.11130025447634166,0.014919431386020443,0.025955845469220667,0.006723521325107675,0.0045464508703006775,0.09007632764127797,0.004945845087222453,0.006712713494792482,0.009127472509298535,0.013437525474951379,0.002047071528443161,0.010355276399936823,0.0033977579275563117,0.004912676716135914,0.005223723289220832,0.030889973330369087,healthy
0.13703007518796992,0.009060727504821398,2.900983070181024,0.27949830806719134,0.2549708125539253,1.0920752827599962,0.02562325164744733,0.23418750000000005,-35.55450873153735,1.8077389970628053,0.18958300830467487,0.14335163848200236,-0.12251278896484005,0.1612824619239423,0.12387973786444262,-0.10993159845427912,-0.0024384140458987603,-0.16381818594740782,0.1700163513954327,-0.06544576493973545,-0.03414951078036994,0.010660205672592099,0.0026433794163971836,0.09258768036161166,0.009033408983494402,0.01580865783017979,0.009787747899536093,0.023541130916821324,0.002165525682875608,0.004734144508335879,0.014455935978377252,0.017561861394280488,0.00264993864687582,0.030135532164070306,healthy
0.043734335839598994,0.0008982919900807941,3.1076402325312107,0.0802450185772158,0.05437726426323479,0.40175410898903785,0.049870002944277465,0.10168124999999999,-85.37255702897222,0.24640885441754118,-0.062060852473151365,0.021120811894136754,-0.02274028433439207,-0.04488013854143999,0.00425958510566239,-0.05032107508419932,-0.027666389720142497,-0.06452704090758898,0.010142382920477469,-0.0116498456067874,0.0007472036498297552,0.0030659953563608386,0.0011339441000686712,0.16887130982262702,0.0029115733623411963,0.0032843590440415583,0.0027081818753312567,0.0033381382961107584,0.001430853915541132,0.001957784922635232,0.0019755002749759845,0.0018625624984275964,0.0013345986803362394,0.047836273262319165,healthy
0.2856516290726817,0.027123835537460273,2.944569892612845,0.3418484128506198,0.21195082049273256,1.6455961850286946,0.016958757073890312,0.41984999999999995,-27.028834729006405,0.6859617910363167,-0.9161154386621833,0.24024685069826573,-0.4117898953959262,-0.27965504213959547,0.06242292054803258,-0.1926009016629429,-0.14429929754706283,-0.11881482232898866,-0.08201511159322865,-0.10481596111885602,-0.16994015414588276,0.012112087745458749,0.0068220237994461586,0.0204037423385313,0.022628467761185236,0.007494762913073931,0.018961496545494005,0.011618383562202479,0.0068301689202766,0.005024841089342228,0.007037983737117606,0.011550670284296665,0.010610759799007842,0.018546538203609318,healthy
0.14016290726817043,0.009492281381880364,2.94190133565053,0.19628305403906837,0.1565083881297571,0.9481912195328792,0.05878539526898308,0.24521874999999999,-56.26316199778935,1.1427973500051423,0.1034715736364478,-0.0549373204675004,-0.4802116905074547,-0.0274044342311531,-0.10074479314009345,-0.20822357993505042,0.1765383708201958,-0.23274920779120545,-0.08319599768538476,0.09887266290639056,-0.14298213672402257,0.015963266980494648,0.0045941467111177345,0.09958032325119315,0.008526348698088056,0.015303600428942011,0.007995915606135781,0.015549274472103407,0.001281801611330442,0.004129803475361968,0.007458802850061215,0.011307916361320452,0.0063098422128798765,0.03508182455888543,healthy
0.18918233082706765,0.010250024600805912,3.060476651482864,0.3241423907719968,0.26490567386530905,1.3865071866192114,0.010479222322066772,0.31694374999999997,-37.94979101277934,1.1314926925357813,-0.1712108267447276,-0.03445928859064516,0.006706022168545778,-0.085997065152963,-0.1468110481052623,-0.03704834830265309,-0.08575540940031437,-0.09019032356972342,-0.04864534596140269,-0.0840087094014576,-0.00849426202450812,0.013305530563360906,0.006237471247534762,0.08787313094993718,0.008298239923790324,0.011236529439331355,0.009144891724981364,0.010485800381690736,0.0020996447583607565,0.004071906134086671,0.008875456949300801,0.010519166043946617,0.004639219316502497,0.028337808504745887,healthy
0.19441366574330562,0.01721568290541798,3.2189398003774246,0.4740242953634689,0.2918132997351829,3.2286864041576964,0.0027950282359249902,0.8571921052631579,-22.329601448466303,0.249976779680537,0.12824833379230344,0.08484543797847219,0.052787234774424985,0.01999182116819688,0.015564194727052746,0.004991426662622383,-0.010533679590725691,-0.001545636264465886,-0.01160710770008592,-0.013130040888047367,0.0005184299009569723,0.008100374462095081,0.005364693070120008,0.017566448900643104,0.007865726648216914,0.008357804819074083,0.006713997161938106,0.016573578129238774,0.004246059730197407,0.005523110230758363,0.007745964649646465,0.0110746623487534,0.005256299410188496,0.00574023974671301,healthy
0.1756947925368978,0.015008415984978138,2.8941704048526455,0.2716122292377291,0.23371264823829466,1.3890103342674167,0.01716792351276429,0.29229166666666667,-31.88904423857816,2.1533609761277126,-0.19540065454490757,-0.21290280434267417,-0.21698077503799892,-0.007720691676603502,0.14865992369210954,0.051910357566456275,0.19869191430115116,0.11238417082355283,0.008120001902810373,0.08425184827067358,-0.04501131528009021,0.021859648589873566,0.0069196344613510485,0.05155610273420286,0.012036758317082629,0.012690363073366892,0.009044254862626102,0.016024321383367863,0.0026122821386145396,0.00475747289949017,0.015108911014052557,0.03154411045973134,0.024149393809009535,0.026449790527769163,healthy
0.3804385964912281,0.003990959918344671,3.030618878958818,0.4213825213945487,0.2487843622831039,2.5718483925233246,0.006767738882495012,0.6630499999999999,-35.736376755907294,0.17706228045442043,-0.5179870778067722,-0.28636127907660147,-0.33014831123399235,0.024872635234522066,-0.021749511292263903,-0.11412347466622455,-0.06578656025878672,-0.13168282235367545,-0.05639941858616254,0.028870159046120215,-0.05145711300549227,0.00725177280902332,0.006591782272000935,0.009129755962868,0.008915970520513341,0.011411517749344995,0.013019000122076269,0.010574066094766377,0.005987848930742799,0.00672572097286136,0.007236763083945994,0.008478878828278628,0.0061615323709765055,0.007192521275215693,healthy
0.11716791979949874,0.013779028444384719,2.9654971979503766,0.15244592012974664,0.09956086824258238,0.5140166765426416,0.06846033939889642,0.1607,-68.47191062270078,0.39839765656740045,-0.3075391011589228,-0.09280202812477076,-0.36821637784910866,-0.008287680753221855,-0.03213225178862303,0.0031637206541306703,0.1128009638278014,-0.08598581192759377,0.024622690293517966,0.013131323179636948,-0.06255861091815984,0.0064683739130126,0.004410463798288966,0.12745848348187533,0.003552741832297662,0.0027857718816970403,0.0038149493138925185,0.005842418490266132,0.0012364994867778973,0.0022776199905377003,0.006822272149020996,0.005276761710343079,0.0042526285284792634,0.04006455065830067,healthy
0.20829852408799776,0.016285311350141964,2.9679963230400173,0.3267084464752997,0.2552468914488546,1.562153186501628,0.009599045393119234,0.36453888888888897,-35.29792004141591,1.1768992295256613,-0.013594588881024577,0.07778214824678645,-0.29805701690722536,0.1612256236372182,0.059917074793398487,-0.12107117002910846,0.03531045538633516,-0.060664576299343666,0.048053748875012695,0.07779430661648808,-0.042939819203977506,0.010213244819970541,0.003846692831878744,0.06938649042977088,0.009352714216991149,0.011107129843008988,0.008608332915348977,0.02149140864927863,0.004536143859690583,0.007475211886478936,0.010453712993814942,0.01640742298805346,0.0038526813492856513,0.02400433481792818,healthy
0.09444064707222602,0.014834199311160989,2.675700173621461,0.19434084376107386,0.17978393875985055,0.8427695050786383,0.14327218637644384,0.16177272727272726,-47.47066051498928,1.500857571780438,0.1286956746943827,-0.30503909546061314,-0.9352863972662392,0.055518834908187306,-0.26737702439881245,0.09179958491459797,0.009535830727323839,-0.12801908922175642,-0.03346073191931026,0.059591639449927625,-0.011023227039989633,0.017107540416803013,0.018407719509873945,0.09471343787898054,0.0032702992065351327,0.008852190008038871,0.024529613446573013,0.032302217724990506,0.00043026315608121605,0.002957501876975311,0.004123454589626244,0.006232314577130444,0.005003857132107974,0.037527078366362945,healthy
0.028354218880534677,3.999409349356339e-05,3.0237663813801263,0.0781510809630992,0.046220616374934714,0.4656567898043898,0.13132470245323338,0.12495833333333332,-88.88215303462844,0.05280799527662362,-0.022533715193699833,-0.014880483864922767,-0.004014112528276217,-0.023017359652336245,0.013615587012950564,-0.016838211517622485,-0.01626520021709205,-0.013014286857258486,0.003793185741390929,0.010139206975183097,-0.0035493296683849623,0.001472043628073206,0.0009625588899864711,0.16954277397530232,0.001568538706784206,0.0018517520322060578,0.001511850569560823,0.0024983682722708135,0.0010321853621943044,0.0013440796757390263,0.001612767476351402,0.0015888415800113412,0.0008101464716239439,0.04713547538219961,healthy
0.05815371762740183,0.00926063136616392,3.103126743313795,0.24982839398952134,0.2584372334750137,0.7141825075260794,0.027268470739573763,0.109975,-43.46026098429814,1.486661479593358,-0.35731188927024354,-0.0005183624961518932,-0.1568358801102342,-0.08619362990327704,0.054674427970236604,-0.08907047670486803,-0.0678699628206948,-0.003342200849108995,-0.07351586250062413,-0.03656217062985466,-0.09474359349162956,0.010820697906643636,0.0021749858696198435,0.1301904069033173,0.006979126952315668,0.01201368778624962,0.005586233545360251,0.008917107835638451,0.0029859325067186195,0.003417126598448423,0.007224693540926109,0.008300440051983663,0.004019658095801637,0.039839051892163704,healthy
